{
    "rmse": 0.66006807119299,
    "mae": 0.5221955750449018,
    "r2": 0.3289076590325499
}